cpp, h, txt, cc
1
simpleCpp,Assignment 1: Simple C++,2011-01-14 17:00:00
adts,Assignment 2: Using ADTs,2011-01-24 17:00:00
recursion,Assignment 3: Recursion,2011-01-31 17:00:00
boggle,Assignment 4: Boggle,2011-02-14 17:00:00
basic,Assignment 5: BASIC,2011-02-28 17:00:00
pathfinder,Assignment 6: Pathfinder,2011-03-11 17:00:00
randomWriterContest,Contest 1: Random Writer Contest,2011-01-28 17:00:00
recursionContest,Contest 2: Recursion Contest,2011-02-18 17:00:00
basicContest,Contest 3: Basic Contest,2011-03-07 17:00:00